Method,Mean_Absolute_Difference,Max_Absolute_Difference
SMOTE_k5,0.05445782472598756,0.5823142680597544
BorderlineSMOTE,0.10540696560718028,0.5260742776898466
KMeansSMOTE,0.07892925261365753,0.6353293193421969
